{"cameraMode":{"drawMode":0,"name":"Shaded","section":"Shading Mode"},"sceneLighting":false,"audioPlay":false,"sceneViewState":{"showFog":true,"showMaterialUpdate":true,"showSkybox":true,"showFlares":true,"showImageEffects":true,"showParticleSystems":true},"in2DMode":false,"pivot":{"x":-220.85011291503907,"y":-137.63735961914063,"z":24.857999801635743},"rotation":{"x":-0.2155255824327469,"y":0.6084601283073425,"z":-0.17651771008968354,"w":-0.7431320548057556},"size":163.99986267089845,"orthographic":false}